manifest	7163e1b7caa656fe0bbae40b3a8cd3c150a8d0ae0026ca112a46c66b91fce2ff	-
	.github/workflows/mobile-app-ci.yml	100644	9832f33f283d93d36c76db32096a0c1e879d22e6bb59edd88d58964c56bb981f
	packages/mobile-app/App.tsx	100644	00616a3261d5f88f45584a22d6391ecf983c4be8711c2628182cd82edc6b801e
	packages/mobile-app/README.md	100644	882307d968ca1e398dab620f2cce4ecf7f1ab79c3d3cde8562887e20884d0842
	packages/mobile-app/app.config.ts	100644	2cc98100a2f4ebee10336891c1420976c6b640ce4f3a3ecbfa66d824827c9bf2
	packages/mobile-app/babel.config.js	100644	08c3fbd0e55deb1e580dd631673c8e4f1d838836d4afd9daaf92c668dc7abee0
	packages/mobile-app/eas.json	100644	302b971b59b31af4706e53150fd19241f26c5598f2811594ca3e6053e0173233
	packages/mobile-app/jest.config.js	100644	07377916181a948e16b4df3b25790389bc034f29859d1d83df7e29c3c12abbba
	packages/mobile-app/jest.setup.ts	100644	d5266784cced00416772525ebdb3ed055ccdb51dc532bbbe426a996ab7a2a447
	packages/mobile-app/package.json	100644	85cf31417be2c33061e8719c0c4955cd76ad596fef21f3e69c211fd956f85070
	packages/mobile-app/src/app/index.tsx	100644	38b0505853fed7d98ba8f740ec558383fc8c526bed7f5766b15418408074e92f
	packages/mobile-app/src/app/navigation/AdminTabs/index.tsx	100644	faa98e6aa51a66dfbefe6314217a138c2ff0f26126ecf78339b00d741becef9a
	packages/mobile-app/src/app/navigation/AuthStack/index.tsx	100644	193e1e7b84caab473ad4576126a89e7d59e47832541746ddc558d0d4b4f26ad3
	packages/mobile-app/src/app/navigation/RootNavigator/index.tsx	100644	0c836550ec4d52429b142657f16b1eb6abea517b8b7d5933b19b582a3ba1853d
	packages/mobile-app/src/app/navigation/VendorTabs/index.tsx	100644	25449f3dd894dd69856bf09d1b3809cc0ccbaf54206c46b7c00dac9f5ca7bcaf
	packages/mobile-app/src/features/auth/SupervisorLoginScreen.test.tsx	100644	ddfbacaf867d2cd574dcc04e2d878d3f39d09bdc852dc162ee8623de7bef9738
	packages/mobile-app/src/features/auth/SupervisorLoginScreen.tsx	100644	1c79cb35e8e18420ec7cf6fe76a112456c3e96ad0188ca7b14aee9a1377503e3
	packages/mobile-app/src/features/auth/VendorLoginScreen.test.tsx	100644	c209af056486667c8fb552ef60350ce4375d508ab645ef35cb72ebeda5b896bd
	packages/mobile-app/src/features/auth/VendorLoginScreen.tsx	100644	db35f48b050b0b685e6f6b54bb31ef1648e15423fe7706b5f5240a9a968680cf
	packages/mobile-app/src/features/auth/api.test.ts	100644	8b4699480f396a627ad1cb5902d7f743324abbb9fc2fbc975c73ebb03f42771b
	packages/mobile-app/src/features/auth/api.ts	100644	28227abd1e1af21cda73bdad785bc7d496d71cc5f18b51d8988b5782c0342fb9
	packages/mobile-app/src/features/auth/hooks.test.ts	100644	9083146a491ad4856bcd5627633e299b3af3a4b42cb370cf11eda35bc35300ba
	packages/mobile-app/src/features/auth/hooks.ts	100644	1c3e9b1d4dd00c738cebe30c8058390d365e47cba1b7b47eaeb3fc2efe56b5c5
	packages/mobile-app/src/features/history/HistoryScreen.test.tsx	100644	ed36e023647adfa9b26bf0477546074d30ead4a955f9811195e73d6c3fe3d5c3
	packages/mobile-app/src/features/history/HistoryScreen.tsx	100644	7ffb300b5b6fdf14346127d8e58af83331a35bcaee54843662bb90afd24a194d
	packages/mobile-app/src/features/history/api.test.ts	100644	7467981add7d2f86e82666b71bcefcf90f657233a8ad98de9b115992c0787543
	packages/mobile-app/src/features/history/api.ts	100644	8861c03c8a15d6be2a514e9494d36264609bf98827848d5643d985f879110e69
	packages/mobile-app/src/features/history/hooks.test.ts	100644	55880a79db5d8f6c37f2f62208ee831e6283b720149608b605e27a7607283858
	packages/mobile-app/src/features/history/hooks.ts	100644	2758fc1c6c11852117d98f4d4daf52ea75b0ed741e9a1272ca5a655756a994df
	packages/mobile-app/src/features/home/HomeScreen.test.tsx	100644	c5ffd2659bb6094f40812208ef17e7eae1c83e9025f873a1b4e8f8a0b3f9ba94
	packages/mobile-app/src/features/home/HomeScreen.tsx	100644	6f815a79b8af64e13492dd280c2e8f125c1a570461ffbf4c45da6512838337e3
	packages/mobile-app/src/features/home/api.test.ts	100644	013aad05a054a20deb78e9d78a4c743066c5efceb33e9673206c32bb22658401
	packages/mobile-app/src/features/home/api.ts	100644	4fbb430d402cba6ffaaf4dea233e8302ea09b2e60305e616be4282c517dcc916
	packages/mobile-app/src/features/home/hooks.test.ts	100644	95a6356c157578d89a10b890ab057503181991e6e1122d39cf5a46ee49b05152
	packages/mobile-app/src/features/home/hooks.ts	100644	19b6a4d99da2cfe3c48c2c84ab145e96c667985944ad2c42e1a08b23d48d9cfd
	packages/mobile-app/src/features/home/returnRateTrend.test.ts	100644	af8f48f73eed58668253fc129b80eb250883bf57fd4deff924b819b799f82352
	packages/mobile-app/src/features/home/returnRateTrend.ts	100644	150ad691470d830f3520a11faf5f8595f8e59236e43f1be0c5dd5610cbaa2585
	packages/mobile-app/src/features/manual-notification/ManualNotificationScreen.test.tsx	100644	02211b8625b03362c13c674512fd16e4cedf2ba9ea3f2d874252da9a79dfc2dc
	packages/mobile-app/src/features/manual-notification/ManualNotificationScreen.tsx	100644	1da7bd742226c86a13a78c6a3dbba90117bacd6f0e9d0cdf6e0baf7d3e101079
	packages/mobile-app/src/features/manual-notification/api.test.ts	100644	1c71a0f0e2a55750c07471060aa03167515ec2303102612f2d84240188e08486
	packages/mobile-app/src/features/manual-notification/api.ts	100644	8b2ca3243972e6e373575d41107bf0683bf7757c21b915c448b2db2bd5134f21
	packages/mobile-app/src/features/manual-notification/hooks.test.ts	100644	703ec9be113347e9cc2d7f240612ea9a8b07cf70cf7d2f6f82642c026c7f2cda
	packages/mobile-app/src/features/manual-notification/hooks.ts	100644	321b8532371f4e2e05888707877c680faec3b94609027a388021569ebc023371
	packages/mobile-app/src/features/notifications/NotificationsScreen.test.tsx	100644	9f5eb8d8a3d3595d3037d0c0ff5e1621e50f77affa91205d5a13727093f31cc0
	packages/mobile-app/src/features/notifications/NotificationsScreen.tsx	100644	434507c34b11542d9a051105c819807095178e48ede99fd1a90e19570a517164
	packages/mobile-app/src/features/notifications/api.test.ts	100644	a44f45d1541fae64db9cc5d28aa7ca8a90af16bd2206f90ee3fd9c532da8fdcc
	packages/mobile-app/src/features/notifications/api.ts	100644	3ad970ee10dd27d58038cc9429e1832b39de1d30cb3b1a39e546c174c1376499
	packages/mobile-app/src/features/notifications/grouping.test.ts	100644	5a68a8330afaedea8eaf0361b9040248fab26bd6fa2768e408e010d32440c569
	packages/mobile-app/src/features/notifications/grouping.ts	100644	53ea2987f40eed9e0992db3cfd5cf5774cb517cf53865ecb76939cdb8b231c86
	packages/mobile-app/src/features/notifications/hooks.test.ts	100644	c47640fa44d7ed5d36a16800a9fbeb048bbdfabb6412ae3d6e0c300483cdb6c4
	packages/mobile-app/src/features/notifications/hooks.ts	100644	edd38d37db64cdd89a5ac19d127f0d550557e889d8dffae567a3f07f884f32ca
	packages/mobile-app/src/features/roster/BudgetsScreen.test.tsx	100644	7747eb64d072afdae3d9ec022ed819dacf9ed6fdea6fce0a814a946bb8d725cc
	packages/mobile-app/src/features/roster/BudgetsScreen.tsx	100644	876ed25aa3210a0d77be6441c325f3b5fb3b791fef7f8ee5a029bb5ecefdb6f9
	packages/mobile-app/src/features/roster/RosterScreen.test.tsx	100644	0c8e2c13eed4e6887092c9629e598b58dfe875a454f59df1e8c2c15923cc9336
	packages/mobile-app/src/features/roster/RosterScreen.tsx	100644	0fd1abb77c74fc54dc522f34d1bbd325fd61d25a265c8154d56639f5c0edfbd8
	packages/mobile-app/src/features/roster/api.test.ts	100644	c071eb481d622eeb0c16c68735837f92d3afa483ad59420c49948182b45cfbcd
	packages/mobile-app/src/features/roster/api.ts	100644	fa06f81e422d49479c9130e60be8491d3748d0b7579095fd7f03cd1234eeb2ee
	packages/mobile-app/src/features/roster/hooks.test.ts	100644	f88aadcdf58fdcb94c4d0288aaa13509922e8c094a5f8fb11f58f4d2601878da
	packages/mobile-app/src/features/roster/hooks.ts	100644	33b17df65bfd18d3f5df6d5e3cf46b65604bbd3b930b74497b416f67907be435
	packages/mobile-app/src/features/sales-entry/SalesEntryScreen.test.tsx	100644	a135ff59540b5414557151819f51c12a9336f0432297ff9b6afb8d35ad9b7f02
	packages/mobile-app/src/features/sales-entry/SalesEntryScreen.tsx	100644	1258d44ed670d2d6918391381bf9844015c81bed5b9214ac1f994dd69e681495
	packages/mobile-app/src/features/sales-entry/api.test.ts	100644	26889510063cd203f691259fee3fd4cf469832aa01770492acb55f62383c56a7
	packages/mobile-app/src/features/sales-entry/api.ts	100644	291a0a56b1e19040dbb4870791658eda16ab6cdb2e0182f62242c445e2df9f8c
	packages/mobile-app/src/features/sales-entry/hooks.test.ts	100644	3a8a76a2c00b06d57b2f80d33b44cbc75f5d4d69f25926d91e01a03ff587db27
	packages/mobile-app/src/features/sales-entry/hooks.ts	100644	175ab5a2e6dfbe0558db7098b586391f49bb0bd585415df7ecbecb130ab09168
	packages/mobile-app/src/features/sales-entry/syncEngine.test.ts	100644	8a60a0e4814cfeb5b8203f5d208247c4e0a0613e844daade440f34b578b9a2d9
	packages/mobile-app/src/features/sales-entry/syncEngine.ts	100644	b344de8393db70d44a0057835781154218f78fff148e00bcf97d6f9da48f3018
	packages/mobile-app/src/features/sales-entry/useAutoSync.test.ts	100644	6dc05559ae5191a805a34a38a235a166274e73f0b256bccf345650cb5eb5492c
	packages/mobile-app/src/features/sales-entry/useAutoSync.ts	100644	d83585097242ce5c852bb922e51cc46f244f643f392563fbcb846b68302fa713
	packages/mobile-app/src/features/tiers/TiersScreen.test.tsx	100644	e69bc12c97e939b60c6a39c4724f6bc65840dd532dbbb738661509f9474d191d
	packages/mobile-app/src/features/tiers/TiersScreen.tsx	100644	a6040f37b2c3a7d172ea569b285de69006c9ece157b1e570d24e255ce9bda5a0
	packages/mobile-app/src/features/tiers/api.test.ts	100644	d5af1c9a074d659991115c3a99e945b9197e5b61bd0361ec50993d1b2c7c6b68
	packages/mobile-app/src/features/tiers/api.ts	100644	93bcb351d7a3106b5b5677996d0c5090056e2fcfa67433ca4a073c52e4b773ae
	packages/mobile-app/src/features/tiers/hooks.test.ts	100644	5ae7c6a8725d0d94cfa0dd7523666d910ac1bc29bf5548de50c4032d449dac8f
	packages/mobile-app/src/features/tiers/hooks.ts	100644	ebec23f20260ef6529e0c289adc3a17834e678b14aeb08a61a3373a33e47cf57
	packages/mobile-app/src/shared/__fixtures__/expoSqliteMock.ts	100644	b68a9f682de7d45d9fec8745be33fc6e3b640c4f460a45ed394de6624bdab5e2
	packages/mobile-app/src/shared/__fixtures__/queryTestUtils.tsx	100644	927abcb0884ae84b8ae1e742e9963ffc2c4b5b0c577c4f18950caa0ff99dfc8f
	packages/mobile-app/src/shared/api/apiClient.test.ts	100644	2a07e8df5be7a6dc380ed30e85bfa4f806acc6aec384787763007914855b9f88
	packages/mobile-app/src/shared/api/apiClient.ts	100644	2d3cfc49f789d445b55fb3bcc4bec45d474f755358cfff138e74e464422d2fe8
	packages/mobile-app/src/shared/api/contractTypes.ts	100644	5aad0bfea87d739cd3c3a03e5d53ca72bcbda7444a0296017405d2980bba22c2
	packages/mobile-app/src/shared/components/ConfirmDialog.test.tsx	100644	4d4fa1d1b3ea719cccb78c2af722b3884af7e9a169a21f99b6ce2171f65364f2
	packages/mobile-app/src/shared/components/ConfirmDialog.tsx	100644	ec99614fc33ddbbd541145afbdd1e1fb95c8bb38a5662f44fdb446b780e6c2fa
	packages/mobile-app/src/shared/components/ErrorBanner.test.tsx	100644	1749afad4766c52ff43a1764abf8ad4bff1eb31c64566fb47203b089a6934057
	packages/mobile-app/src/shared/components/ErrorBanner.tsx	100644	a40a5f9989a01c168365633523c729b9701dba5d13517eb2e2c055c8bd923f81
	packages/mobile-app/src/shared/components/OfflineBanner.test.tsx	100644	61f618a3cfd15f4a39b7574c016ab3171d478ef4a8f552974b3a9dbff01a940b
	packages/mobile-app/src/shared/components/OfflineBanner.tsx	100644	e20a28c15d1d7714c492c77a3d37ae27b92de88b3edc0a1ced53dc474f4eb95d
	packages/mobile-app/src/shared/components/PrimaryButton.test.tsx	100644	ddde4e9f47111482c418a4c92adca2a92bf4fdb07b432d193e7907d4cb28c1d1
	packages/mobile-app/src/shared/components/PrimaryButton.tsx	100644	d735eb7824ee93f2e7cce406deda7fce573a7006e25e86345c7ea6f87b69bdd1
	packages/mobile-app/src/shared/components/SessionGate.test.tsx	100644	112a76114ae2da1d7729ef616dba05f7275fbb29a47dca792df248b2e62da44f
	packages/mobile-app/src/shared/components/SessionGate.tsx	100644	17fb72c1920a39a2cfbf9191036ee747d2365618c240dd5856eca5eef5479230
	packages/mobile-app/src/shared/components/Skeletons.test.tsx	100644	28fc8abaf868cb8d40cdda2b5e18f34f3ec0c1e4b605edc4965aef2bf35b942b
	packages/mobile-app/src/shared/components/Skeletons.tsx	100644	ae449e71ebe37f78bb36f006337d718ef40e1975297288d226fcc7d72d646752
	packages/mobile-app/src/shared/components/SyncStatusIcon.test.tsx	100644	2179dcdf842a1c99a1784bd77829cc59e4e5635aaca3d1e0194f2dbc5c3e1547
	packages/mobile-app/src/shared/components/SyncStatusIcon.tsx	100644	f75d0df1f6f21e040c40ba15321b23a111210c50308e2560890aaf4701a07433
	packages/mobile-app/src/shared/components/ValidatedTextInput.test.tsx	100644	67e72461c51d376426d057b41f5ad9f601c6ad62c3d927ea37fe5bcb27a052d5
	packages/mobile-app/src/shared/components/ValidatedTextInput.tsx	100644	9ed381bdafd9247c801ce72de5b24a215beeeaa54a09a656fce3de0227da58fc
	packages/mobile-app/src/shared/net/connectivity.test.ts	100644	ac37ea7a8e075bae8bee5afc0e47862fe5440ad6cbca0fb6f9d5c9c224254e9b
	packages/mobile-app/src/shared/net/connectivity.ts	100644	5c53ed3e189a1f7304a459cb63a6ac4a34387751475b7300aa6e5dce938c7623
	packages/mobile-app/src/shared/session/SessionContext.test.tsx	100644	592bc504f8c85e77c49ca3008947949e4d5309dae201a896171958a36e0b1109
	packages/mobile-app/src/shared/session/SessionContext.tsx	100644	9384a251909a872388de357c51d6509363635b2015eaf3bb4db8d6308380f03b
	packages/mobile-app/src/shared/storage/pendingSalesDb.test.ts	100644	d3ad4f8c68322b6548db2cccd636d802b2881a3df84b389acc286d85931938c6
	packages/mobile-app/src/shared/storage/pendingSalesDb.ts	100644	a8d94f47390721aca2225e151d5a3030deb04d8601f85ecaf047abb80acdc0eb
	packages/mobile-app/src/shared/storage/secureSession.test.ts	100644	dfc16841ebd388d7d2be8d256e7937a953fdbe140ef355bc1fde9661f4592bd1
	packages/mobile-app/src/shared/storage/secureSession.ts	100644	b7d28a52c9e3cbd95cf8441fe20921f4d61e3ffa8cdad77c1cf20a4ccf881821
	packages/mobile-app/src/shared/theme.ts	100644	cb0ba0ad4bf09ad11daa1b0d2fcb5d0f18f6277872dbc65635f1bc4c8a307828
	packages/mobile-app/tsconfig.json	100644	b175dbb9e56c6f2bcc413ad5780b51030835a2492575673e6232de1e4500ad1b
